276796,0330332775,5
276847,3257200552,5
276847,3426029553,8
276925,002542730X,10
276925,0140154078,6
276925,0385504209,8
276939,2253063339,9
276939,2253137243,9
276939,8423310353,8
276994,3423202327,6
276994,3492045170,7
276994,3548359698,6
277087,8472230082,5
277253,0380807343,9
277588,8408039369,6
277660,2253006629,8
277665,3453007867,9
277681,0747546290,7
277740,185326086X,10
277884,0380789019,7
278176,0971880107,9
278401,3426600218,9
278435,3453146972,9
278551,0590660543,5
278554,0330375253,8
278554,0385730586,9
278554,1853260282,7
278675,2841160297,10
92,8445071408,7
92,8445071777,10
334,014062032X,7
643,0261102214,9
643,0552137030,8
643,0552546933,9
643,0743222229,8
643,0749396067,8
643,1853260002,2
643,2253063339,10
643,2253140872,8
711,0330367358,9
896,0140620338,8
899,0971880107,2
901,000649840X,9
901,0099771519,9
1131,0060934417,8
1131,0060976845,7
1131,0446672211,7
1131,0446673544,5
1131,0743418174,7
1193,11238356,8
1211,0099771519,9
1211,0330367358,8
1211,0385504209,9
1211,2070360024,8
1211,2070375161,7
1211,2253005274,8
1234,8420725927,9
1591,3257228007,10
2019,0440211727,5
2019,0440214041,5
2197,0312291639,9
2199,0099771519,9
2416,8477204055,7
2996,0345361792,8
3088,2070388905,7
3111,0749397543,5
3206,0385484518,8
3346,0316666343,9
3346,0380789035,6
3346,0552131067,7
3675,8495501090,6
3675,8495501198,4
3777,0099387913,6
3917,031205436X,10
3917,1573226521,7
4223,3257227809,8
4223,3442413338,8
4497,0515093556,1
4571,0142001430,6
4571,0413537900,8
4571,1400034779,9
4802,0316666343,9
4802,0439136350,7
4900,0316776963,7
4973,0385484518,8
5151,0812550706,10
5204,2070362388,6
5208,202025462X,8
5225,3426600218,5
5331,0091867770,10
5331,0749396067,9
5350,0140620109,7
5350,0261102214,8
5350,0552134651,5
5350,3442413338,7
5350,3453146972,10
5483,0804114986,8
5609,0345313860,10
5899,0380789035,9
5899,0552546933,10
5903,0385730586,8
5903,0449212602,9
6207,2070414574,6
6274,0140434186,8
6360,8495501090,9
6360,8495501198,8
6516,0671742515,6
6535,0385504209,10
6537,0316284955,8
6537,0385722206,6
6537,0446672211,8
6611,0345369947,10
6611,0345404319,10
6883,0749313528,6
7033,0060928336,9
7202,2070360024,8
7371,0060959037,9
7507,0684872153,8
7552,8495501074,10
7712,3442413338,7
7720,2253006629,8
7819,038549081X,7
7881,0440180295,9
7958,0385730586,8
7958,0804106304,10
7958,080410753X,9
7958,080411109X,9
7958,0804114986,10
8095,0553573136,7
8308,1844262553,10
8361,0971880107,2
8660,0345351525,2
8674,0971880107,1
8762,1844262553,8
8772,0142000205,8
8815,0552996009,7
8874,0062502182,5
9016,9726106141,8
9177,0345391055,8
9177,0446364193,7
9177,0552137030,9
9314,0099771519,10
9314,0140621199,10
9347,2253137243,3
9417,0380977788,10
9417,0446310786,7
9417,0553578685,7
9432,2070362388,10
9555,0446532231,8
9571,3257229534,10
9571,3746614007,10
9850,2264002190,7
9938,2841160297,9
10157,0749313528,7
10590,0140622020,7
10590,0553296981,10
10623,2290311782,8
10630,0684874350,9
10694,0749397543,7
10776,3257228007,8
10965,0441569595,9
11169,0345337662,9
11525,0330367358,8
11908,0679746048,6
11944,0345370775,8
11944,0345378490,6
11944,0618002227,9
12100,067976402X,7
12100,0684833395,8
12213,0099410184,7
12569,0312291639,9
12569,0552143774,6
12569,0804106304,7
12863,0345391802,8
12863,0380977788,10
12966,0316769487,9
12971,0671021001,6
13080,0441569595,10
13093,0375707972,9
13126,0330332775,6
13126,0330367358,5
13126,0446608955,5
13126,0747546290,8
13126,0747551006,8
13215,3548359698,5
13582,0316666343,7
13582,0345384466,8
13582,0345397819,8
13582,0345404319,8
13582,0679723161,8
13582,0679735771,4
13685,0380807343,8
13907,0345391802,10
14232,0451526341,9
14232,2277241202,2
14232,2290045764,10
14232,2290319872,7
14456,0060955775,8
14456,0140440046,4
14456,0316769487,8
14456,0345313860,10
14456,0439064864,10
14456,0439136350,10
14456,0439139597,10
14456,0451167716,9
14456,0679735771,8
14516,0671021001,10
14897,0439139600,8
14897,0679781587,10
14938,3442541751,6
14952,0156012197,10
14952,0330491482,8
15040,0028604199,8
15046,0451169530,10
15150,8420616893,10
15150,8478884459,9
15151,8445071416,8
15185,0316769487,5
15185,0679723161,7
15250,3492045170,8
15418,0140298479,8
15418,0345391802,7
15418,0552131059,10
15418,0552134651,8
15418,0552140287,10
15418,0671041789,7
15418,1551925702,10
15418,1857989546,9
15418,8420483532,9
15418,8423310353,10
15479,0380789019,6
15479,0812550706,10
15775,0446310786,8
15797,0091867770,7
15918,0590112899,10
15922,2290319872,8
15957,0312291639,3
15957,0385335482,9
15957,0446673544,9
15957,0553573136,8
16161,0099771519,9
16383,000649840X,10
16383,0140276904,8
16383,0140620168,3
16383,0140620222,10
16383,0552143774,10
16504,0060502258,7
16504,0140276904,5
16504,0345353145,6
16504,0380977788,10
16504,0425152251,7
16504,0446670251,10
16504,0553572997,8
16585,0312924585,7
16919,0345353145,6
17172,0099279274,6
17174,0552134651,8
17183,0140620427,5
17183,0316666343,6
17183,0316769487,6
17183,0452282152,6
17183,0804114986,6
17183,8408039369,8
17600,3453146972,9
17634,0440214041,6
17721,0142001740,8
17917,0440226104,8
18012,0142000205,9
18012,0671003755,10
18155,0345313860,6
18155,0399501487,8
18456,0749305401,9
18499,0552999458,7
18850,0811824829,10
18850,3442541751,8
18850,3492045170,6
19018,0385730586,10
19280,0552999458,6
20055,2070408507,5
20062,185326086X,7
20345,0553296981,8
20401,0971880107,6
20801,0440234743,8
20912,067088300X,7
21097,8445071416,9
21612,0552996009,8
21692,0099771519,7
21705,0099771519,8
21774,0099747200,8
21774,8878188824,7
21840,0743418174,9
22144,0099279274,6
22144,0552999458,5
22343,0140295569,9
22343,0141007338,8
22910,3442541751,10
22964,0552124753,8
22964,0552131059,5
22964,0552145424,7
23124,8878188824,10
23127,8420483532,9
23127,8420725927,8
24082,0385504209,9
24250,0552140295,9
24278,0345417623,7
24325,0380789035,7
24325,0385504209,8
24900,8804486511,8
25792,0330267388,9
25893,0971880107,8
25893,3404148665,10
26094,3426600218,8
26146,0552996181,8
26160,0749319305,8
26813,0060976845,10
26813,0156012197,10
26813,880781210X,8
27197,0552999954,7
27538,0440214041,8
28255,044021145X,8
28255,0671003755,4
28255,0770428827,10
28255,1853260207,9
28255,1853260282,9
28477,0446310786,10
28537,3426029553,9
28537,345305136X,8
28543,0028604199,7
28543,0425152251,8
29570,0060392452,8
29570,0316769487,10
29981,0446310786,7
30445,043935806X,10
30445,0446605239,8
30806,0439139597,8
30806,0451191145,5
30806,067697175X,10
30806,0804106304,8
31008,0060938455,8
32250,0060928336,8
32250,0312195516,9
32250,0380718340,9
32250,0440226104,4
32250,0671011367,7
32575,0552131059,7
32723,2070362388,5
32793,0441569595,4
32793,0770422632,10
33119,0312305060,10
33283,0451155750,6
33307,0312291639,6
33307,0451161351,4
33307,0679745203,6
33319,0060976845,9
33319,0060987103,10
33319,0385486804,8
33319,0446670251,7
33319,0451186362,8
33319,0875421180,8
33818,0060502258,8
33818,0062502182,6
33818,0140434186,7
33818,0316601950,10
33818,0440211727,8
33818,0446364193,9
33818,0451160525,9
33818,0451161351,8
33818,0451169522,9
33818,0451176464,9
33818,0451180232,7
33818,0451186362,6
33818,0671021001,8
33818,0679746048,9
33875,0971880107,10
33943,2264002190,8
33943,2290045764,5
33943,2841160297,8
34052,8445071416,9
34152,0671727796,7
34205,1875989218,6
34215,0380789019,9
34215,0552137030,10
34215,0552546933,8
34215,185326086X,10
34215,1875989218,9
34314,0345378490,8
34644,1860492592,5
34843,8495618605,10
35026,0552124753,8
35320,0060955775,9
35320,038549081X,8
35698,0140298479,9
35713,3257200552,5
35713,3257229534,10
35790,0060987561,10
35841,0060958022,10
35841,0446601241,8
35841,0451172817,8
36003,0140018328,10
36003,0140293248,5
36003,0140298479,10
36003,0140620168,8
36003,0140620184,9
36003,0140620664,9
36003,0156012197,10
36003,0316769487,10
36003,0425152251,10
36003,0439064864,10
36003,0439136350,10
36003,0439139597,10
36003,043935806X,10
36003,0440226430,7
36003,0446310786,10
36003,0590353403,10
36003,067976402X,8
36003,1400034779,7
36262,0552146145,8
36286,0385504209,7
36286,0553296981,10
36656,0971880107,8
36709,0345337662,10
36741,0312924585,10
36741,0440206154,8
37193,0440206154,10
37235,0451524934,9
37548,0062502182,10
37691,0316666343,10
37691,0345404319,8
37691,0671880187,9
38503,2253057843,10
38503,2253149101,7
38508,8804486511,7
38661,0451524934,10
38802,0385335482,8
38802,0671880187,8
38818,0099387913,10
38818,0330332775,5
38818,0446532231,8
38950,0316666343,10
38950,0552546933,8
38950,0679735771,8
38950,3596150655,4
39396,0060955775,9
39396,0140620338,10
39396,059035342X,8
39396,0671880187,10
39396,3150000017,10
39396,325722575X,9
39732,2253150711,8
39862,0140276904,9
40604,0446673544,9
40627,034536676X,7
40725,0552996181,8
40958,2070375161,5
40958,2253140872,9
40992,0330332775,9
41070,2277241202,7
41114,0099410184,10
41426,2253152846,8
41460,0446605239,4
41883,0441569595,6
43118,0140295569,8
43157,0140067477,8
43157,0451180232,10
43535,0099245027,7
43962,0091867770,8
43962,0553375407,8
43962,1875989218,10
43992,000649840X,6
43992,0099414821,4
43992,0749395990,8
44037,0156027321,8
44037,0552998486,9
44216,0671021001,7
44225,1844262553,7
44296,0811824829,8
44297,0971880107,3
44297,1563890119,9
44382,0060502258,10
44421,0156528207,8
44588,0345391055,5
44855,8817131628,8
44961,0446606812,7
44987,2070360024,7
45014,0345397819,4
45148,3379015180,5
45429,0330491482,7
45650,3423204206,7
45943,340411566X,7
45943,3442413338,7
45943,345305136X,6
46016,8420483532,8
46064,8408039369,8
46197,0060976845,9
46197,0316666343,10
46197,0552134651,9
46197,0552140295,10
46197,0747551006,9
46197,0812550706,10
46269,0345353145,8
46269,0811824829,10
46351,0345391802,9
46351,2205054252,9
46351,2877302202,8
46404,0140440046,5
46404,0804106304,10
46690,0060959037,7
46690,0345339703,10
46690,0812548051,7
46767,0440234743,9
47077,0452282829,9
47239,0316776963,7
47268,0060392452,8
47465,0786868716,5
47512,0671880187,3
47512,880781210X,9
48306,0330332775,10
48698,2290311782,6
49058,0553213695,6
49155,0099279274,10
49155,0141007338,8
49155,0385730586,10
49155,0446605239,8
49155,0446606812,9
49155,0553296981,10
49155,1853261580,10
49409,067088300X,9
49582,0552124753,7
49582,2264002190,6
49773,8817106100,10
50193,0394281829,8
50193,0446605239,7
50193,0671041789,7
50193,1853260282,9
50250,014062063X,8
50427,1857231384,8
50570,0451163966,7
51342,8817131628,9
51402,0330375253,9
51596,0440180295,9
51741,3257200552,8
52455,0552996181,8
52486,0140620869,9
52586,0385486804,8
52586,0385512104,9
52673,2070388905,7
52673,9681501225,8
52928,846630679X,9
53510,0451524934,8
53628,0140620168,7
53628,0140620184,6
53628,0140620222,5
53628,0349101779,10
53628,0380789019,9
53628,0590112899,10
53628,0590660543,10
53628,2070375161,8
53628,2205054252,8
53628,2253057843,7
53628,2253137243,9
53628,2253152846,8
53628,2290308285,8
53760,8420725927,7
53808,8445071408,1
54374,0553573136,9
54573,8873122933,9
54817,0330491482,5
54817,0552999954,7
55053,0552147680,8
55251,0156528207,10
55470,3492045170,9
55488,0261102214,7
55549,0312924585,10
55826,0425152251,9
55826,0679746048,8
55858,0440220602,9
55858,0446604801,9
55858,0553578685,10
55894,0971880107,1
56044,0140620168,6
56055,3426600218,8
56167,2253057843,10
56271,0099387913,7
56271,0099747200,8
56271,014062032X,8
56271,0140620427,8
56271,0552124753,9
56271,0552128481,7
56271,0552131059,7
56271,0552131067,8
56271,0552131075,8
56271,0552134635,8
56271,0552134643,8
56271,0552137030,6
56271,055214598X,8
56271,0553250426,7
56271,0590112899,7
56271,0590660543,8
56271,0747532745,8
56271,0747551006,4
56271,0749309423,9
56378,0345370775,8
56776,0440206154,7
56991,0749396067,6
57148,0971880107,1
57261,0330367358,9
57449,014062032X,10
57449,0156027321,9
57449,325722575X,8
57449,3257228007,7
57449,345305136X,8
57540,8817106100,8
57747,3257228007,10
57853,0747532745,7
57868,0971880107,2
57913,0312278586,9
57960,0451160525,10
57960,0451161351,7
58067,0345417623,6
58067,0451163966,9
58067,8495501090,9
58210,014062063X,10
58210,0552999954,8
58397,2070362388,8
58397,2264027134,9
58458,0552137030,10
58458,0590112899,10
58458,0590660543,9
58497,0671011367,7
58943,8420616893,7
59296,0316666343,6
59900,0140067477,8
59948,2070408507,9
59994,0971880107,7
60797,0099279274,6
60797,0330332775,6
60905,0099245027,8
60905,0385507593,8
60905,0786868716,10
60905,0811824829,10
61089,3442541751,8
61297,0385504209,10
61297,3257229534,4
61579,3596259924,8
61677,0552996009,5
61764,3423202327,5
61982,0971880107,6
62150,0140067779,8
62150,0747532745,8
62150,0747538484,7
62150,0747546290,6
62164,0312924585,8
62625,9727722458,8
63083,2277241202,5
63103,8420616893,9
63185,055214598X,3
63543,1551925702,10
63545,0446310786,10
63665,2277241202,10
63678,8495501090,7
63714,0552124753,10
63714,0552131067,10
63714,0552546933,10
63923,0446670251,8
63953,0671027360,8
64015,0679723161,9
64058,8420634093,5
64316,0552998486,10
64316,0749395990,10
64373,2841160297,9
64422,0446532231,7
64448,0099279274,7
64448,0330332775,5
64448,0330367358,6
64622,9681501225,8
64726,2253006629,5
65054,0316666343,10
65345,044651652X,4
66109,1853260002,10
66288,044023722X,4
66362,0140293248,7
66362,0446672211,9
66443,0099279274,3
66443,0140124381,9
66443,0142001740,2
66443,0440226430,4
66443,0743418174,7
67102,0747551006,9
67785,0099387913,6
68341,1860492592,8
68650,0451155750,5
68862,0140622179,5
69049,8495501074,9
69063,0141007338,8
69089,0747551006,8
69307,0432534220,5
69311,3492045170,7
69335,0552134651,9
69749,0571081789,10
69749,0770428827,5
69973,0140039589,7
70038,0684833395,5
70183,0312924585,9
70183,0345313860,8
70183,0345337662,8
70183,0345369947,7
70183,0440206154,6
70183,0515093556,7
70186,0312924585,8
70238,3492045170,10
70378,0316666343,7
70450,0060958022,5
70541,0060929871,8
70541,0140154078,8
70541,0425152251,7
70541,0451169522,6
70541,0553572997,8
70541,0671742515,8
70541,1573229326,7
70796,8478884459,5
71102,0060392452,7
71102,0671004107,8
71102,0684833395,8
71317,3257229534,8
71612,0140620125,9
71957,3423202327,10
71967,0099771519,6
71967,3442541751,9
72195,3453146972,9
72195,3492045170,5
72327,0875421180,10
72601,0140620109,10
72601,0140620222,10
72601,014062032X,8
72601,0140620427,10
72601,0140620664,10
72601,0140620753,9
72601,0743225406,3
72601,080410753X,8
72601,3150000017,10
72644,0451167716,10
72707,0060929871,8
72707,0380977788,9
72707,0552137030,8
72804,2290045764,7
73046,0440213525,7
73076,0140620125,9
73076,0140620338,8
73095,0749305401,8
73464,3404148665,10
73474,0140293248,7
73681,0060958022,9
73681,0140131558,9
73681,0156027321,9
73681,0385504209,7
73681,0385722206,9
73681,0425154092,8
73681,0439064864,10
73681,0439136350,10
73681,0439139600,10
73681,0451167317,9
73681,0451170385,9
73681,0451176464,9
73681,0451186362,9
73681,0590353403,10
73681,0671880187,7
73681,0679745203,9
73681,0679751521,9
73681,0679781587,7
73681,0804106304,7
73809,0091867770,1
74089,067088300X,5
74172,2253044903,8
74215,0261102214,10
74215,0747532745,10
74215,2205054252,10
74215,2253149101,8
74215,2290311782,7
74505,0451191145,6
74505,202025462X,4
74505,2253044903,6
74559,11238356,4
74559,8817131628,7
74630,0345387651,10
74630,0671021001,8
74630,0679781587,10
74630,0770422632,9
74631,0345337662,7
74910,0971880107,6
75023,0679745203,8
75519,0552124753,8
75770,0060987103,8
75854,0671041789,6
76019,0590112899,8
76019,0590660543,8
76070,0345353145,10
76223,0028604199,8
76223,0140620222,9
76223,0312305060,8
76223,0345339681,9
76223,0345370775,8
76223,0439064864,7
76223,0439136350,7
76223,0439139600,8
76223,0440206154,7
76223,0441172717,10
76223,0446673544,8
76223,0552137030,9
76223,0553573403,10
76223,0590353403,9
76285,0432534220,9
76350,000649840X,7
76350,0140440046,4
76350,0330332775,1
76350,0552996009,4
76741,0316284955,4
76748,8420483532,8
76748,8495501074,9
76968,3492045170,6
77133,0446601241,7
77241,8420483532,10
77302,0553280341,7
77400,0140276904,7
77424,0316096199,9
77469,0552996009,5
77492,0316284955,9
77495,3746614007,7
78264,0330262130,10
78264,0330267388,10
78264,0450411435,9
78287,2070388905,9
78383,0432534220,7
78744,0446532231,10
78973,0028604199,9
78973,0060958022,8
78973,0099414821,9
78973,0140298479,9
78973,0140620184,7
78973,0140620427,7
78973,0380718340,8
78973,0385335881,9
78973,0439139600,10
78973,0440234743,7
78973,0446604801,7
78973,0451167317,7
78973,0451176464,9
78973,0552998486,8
78973,067088300X,6
78973,0671011367,8
78973,0743418174,9
78973,0749313528,7
79310,0618002227,10
79556,0099771519,8
79556,0552996181,8
79556,0749305401,8
79556,1875989218,10
79680,3257227809,8
79854,0345370775,9
79854,0440211727,7
79904,1563890119,8
79942,0091867770,9
79942,1860492592,8
79962,0552143774,7
80096,0552124753,8
80135,0425152251,8
80555,0099771519,9
80555,0345337662,8
80555,0451169522,8
80555,0553572997,6
80555,0671004107,7
80555,0971880107,6
80754,3404148665,8
80781,0747551006,9
80785,0440212561,10
80803,202025462X,4
80803,2253057843,9
80995,0553213695,8
81153,0971880107,2
81207,0060929871,9
81207,0330367358,7
81207,0385722206,8
81207,0575400951,7
81207,0671880187,6
81207,0679723161,7
81207,0743222229,7
81207,0811214982,8
81227,000649840X,9
81227,0099771519,10
81274,0060987103,9
81274,0140278826,8
81274,043935806X,9
81274,0449212602,10
81274,0590112899,10
81274,0590660543,10
81359,059035342X,9
81703,2290311782,7
81865,059035342X,8
81950,0099414821,8
81950,0140620338,8
81950,0552124753,8
81950,0552131075,7
81950,0749319305,7
81950,0971880107,6
81950,1551925702,9
81982,0345339681,8
81982,0345339703,8
82171,2253044903,9
82171,2253149101,9
82171,2253150711,6
82171,2266023039,9
82317,0446601241,9
82326,3379015180,10
82337,3426600218,9
82436,1551925702,9
82436,8478886451,8
82548,0552137030,10
82751,0345348036,8
82808,0028604199,8
82808,0345370775,7
82808,0451167716,8
83001,067088300X,4
83011,0553578685,7
83239,0060938455,10
83596,038549081X,9
84348,3423204206,8
84571,0451167716,9
84696,0316096199,8
84869,0811824829,10
85097,1853260134,8
85161,0060915544,9
85667,0971880107,7
85769,0440214041,8
85923,0553375407,10
85962,0425152251,8
85962,0552134619,7
85962,0552148407,8
86033,0345404319,6
86033,0747532745,10
86033,0747538484,10
86033,0747546290,10
86033,0747551006,8
86202,0060502258,6
86202,0312278586,8
86202,0380814021,7
86202,0385335482,7
86202,0385504209,7
86202,0385722206,7
86202,0385730586,7
86202,0446532231,7
86202,0446604801,5
86202,0449212602,9
86202,0452282152,9
86202,0553280341,7
86202,0671041789,7
86202,0743225406,6
86202,0786868716,6
86202,1400031354,7
86202,1400034779,7
86392,0060938455,10
86392,0380789019,9
86392,0380807343,10
86392,0451160525,9
86392,0590353403,8
86462,0451160525,4
86462,0553573403,10
86548,0140620109,10
86548,0140620184,10
86548,0140620664,10
86640,3257200552,8
86751,044022165X,9
86856,2070388905,8
86873,0749397543,8
86877,2253140872,10
87099,0432534220,8
87209,2253150711,8
87729,059035342X,9
87729,9727722458,6
87747,0553250426,9
87942,0140124381,7
88203,0971880107,4
88283,0060392452,10
88283,0140298479,10
88283,0312291639,8
88283,0380814021,9
88283,0385335482,10
88283,0385335881,10
88283,039592720X,10
88283,0440213525,7
88283,0452280621,9
88283,1853260134,9
88283,3492045170,8
88299,0345387651,7
88620,0552525952,8
88620,1573229725,8
89207,0140018328,10
89207,0552134643,8
89207,0552137030,10
89207,0552140295,9
89207,0552142379,8
89207,0552145424,8
89207,0552146145,9
89207,0552148407,8
89207,325722575X,10
89361,1400031354,10
89558,0671727796,6
89558,8420725927,8
89867,0451163966,8
89867,0971880107,3
90232,2253044903,9
90232,2253137243,10
90232,2253140872,10
90232,2253150711,9
90232,2253152846,9
90232,2290045764,7
90232,2290311782,8
90232,2877302202,8
90277,2253063339,7
90277,2253137243,8
90277,2877302202,9
90469,0060977493,9
90491,1853260002,9
91143,0552146153,8
91143,0552147680,6
91157,0330491482,5
91342,0060976845,7
91342,0452282829,9
91342,0671021001,7
91425,0316776963,9
91425,0679781587,10
91425,1853261580,9
91491,0552124753,5
91710,9726106141,5
92162,0060977493,10
92215,002542730X,7
92215,0028604199,6
92215,0140046569,7
92215,0140620869,8
92215,0380977788,6
92215,0552137030,8
92215,0811214982,6
92215,9727722458,6
92388,0749309423,9
92405,0142001740,10
92405,0380789019,8
92405,0671004107,8
92405,0971880107,6
92405,3404148665,2
92424,0446364193,8
92424,0446601241,8
92909,325722575X,9
92920,0552147680,8
93018,0552134635,8
93018,0552134643,10
93018,0552140287,10
93018,0552140295,9
93018,0552142352,10
93018,0552145424,8
93018,0552147680,7
93018,1857989546,8
93092,0060987561,10
93092,0142000205,9
93092,0330375253,9
93092,0345387651,4
93092,0446532231,10
93092,0446606812,10
93092,0451155750,6
93092,0671021001,7
93092,067697175X,10
93631,0380018179,9
93631,0440226104,7
93631,0440226430,5
93631,0446310786,9
93631,0446605239,2
93755,8445071416,9
94110,0440220602,8
94209,0140440046,9
94209,0380807343,8
94242,0380789019,7
94242,8478884955,9
94242,8478886451,9
94242,8495501074,5
94730,0316776963,6
94730,0385512104,8
94730,1573226521,5
94818,0316096199,8
94818,0380977788,9
94818,0385507593,8
94818,0786817070,10
94853,0060502258,9
94853,0425154092,9
94853,044021145X,8
94853,0552143774,7
94853,0747546290,8
94853,0971880107,6
94865,3150000017,9
95362,0140293248,6
95394,0440214041,7
95567,0450411435,8
95741,0140293248,8
95781,0060987103,7
95888,202025462X,7
95888,2290045764,10
95964,8423309835,7
96019,0330332775,10
96019,0330367358,10
96019,0552996009,5
96019,0552999458,5
96019,0552999954,5
96054,0060502258,9
96054,0316666343,10
96054,0345342968,5
96054,0446672211,10
96463,0451160525,8
96475,0446673544,6
96521,0060938455,10
96628,0749397543,8
96679,0060502258,5
96679,0316284955,9
96749,0413537900,8
96787,8873122933,2
96869,0312924585,7
96869,8495501090,10
96869,8495501198,9
97017,8420634093,10
97324,0060977493,10
97324,0140042598,5
97324,0140131558,10
97324,0140154078,8
97324,0312305060,8
97324,0399501487,9
97324,0679745203,9
97584,0451170385,9
97694,0316776963,10
97694,0446672211,10
97694,080410753X,7
97800,3423202327,8
97800,3423204206,7
97833,0140622020,7
97833,0552124753,9
97833,0552128481,9
97972,0349101779,10
97972,0749309423,9
98203,1844262553,8
98297,0140620222,10
98297,1853261580,1
98428,8408039369,8
98428,8423309835,10
98551,0312195516,9
98679,9681501225,6
98758,0316776963,8
98758,0446604801,7
98758,0446673544,6
98758,0451169522,8
98758,0451172817,9
98758,0451176464,7
98758,0553572997,7
98758,0679735771,7
98758,0749395990,9
98779,3426029553,8
98787,0060934417,9
98787,0316096199,8
98787,0316776963,9
98787,034536676X,8
98787,0345387651,9
98787,0345391802,8
98787,0385484518,8
98787,0385720106,8
98787,0385730586,8
98787,0440226430,7
98787,0446532231,8
98787,0553280341,7
98787,0553375407,9
98787,0671041789,9
98787,0747538484,10
98787,0749309423,9
98787,0770428827,8
98787,0804114986,7
98787,1400031354,9
98893,1853260134,8
98982,039592720X,9
99159,0142001740,7
99206,0140154078,8
99314,0385720106,9
99390,1563890119,9
99416,014062063X,7
99523,0375707972,5
99523,0446672211,5
99523,0679751521,5
99523,067976402X,8
100075,3404148665,8
100088,0007110928,10
100088,0140620664,7
100088,0330375253,10
100088,0385504209,10
100088,0440220602,10
100088,0451167317,10
100088,0451169522,10
100088,0451172817,9
100088,0553296981,10
100266,0345361792,1
100568,044021145X,7
100594,0345384466,7
100594,0345397819,7
100594,0345404319,7
100594,0771060548,8
100594,0804114986,7
100644,0345391802,10
100644,0380789019,10
100644,0385486804,8
100644,0385504209,9
100644,0552134619,7
100644,0552145424,10
100644,0552525952,9
100644,0553280341,8
100644,0679735771,8
100644,0749319305,8
100644,3423204206,8
100760,3257229534,4
100832,0140042598,6
100832,0452282152,7
100995,0971880107,2
101029,0804106304,7
101101,3492045170,5
101172,039592720X,8
101550,0099866005,8
101550,0345337662,10
101742,2070362388,6
102170,0345417623,8
102196,3257200552,6
102196,3379015180,7
102375,0140620109,6
102375,0140621199,5
102375,0385512104,8
102375,0749305401,6
102375,0749395990,7
102375,1853260207,7
102599,9681501225,9
102602,8495618605,10
102705,0060959037,7
102705,0312195516,10
102705,0316601950,9
102705,0446672211,8
102705,0684872153,10
103251,0385486804,8
103475,0142001740,8
103541,043935806X,9
103541,0552146145,6
103541,0552146153,10
103541,0552147680,8
103541,0552148407,8
103541,059035342X,8
103541,0747546290,8
103541,3453061187,8
103541,3453071174,8
103974,0060987561,7
104198,0099279274,8
104425,0316769487,10
104448,0552131067,5
104508,0671021001,9
104550,0028604199,5
104550,0140620664,7
104550,0140620753,7
104550,0451524934,9
104624,0440180295,8
104670,0099245027,6
104670,3257200552,3
104841,0571081789,7
105028,0060987561,9
105028,0140276904,8
105028,0140295569,8
105028,0140620184,8
105028,0140620222,7
105028,0140620427,7
105028,014062063X,8
105028,0140622020,8
105028,0312924585,8
105028,0345351525,8
105028,0345353145,8
105028,0345370775,8
105028,0345378490,7
105028,0380807343,9
105028,0399501487,9
105028,0425152251,8
105028,0440211727,8
105028,0440213525,8
105028,0441003257,8
105028,0446601241,7
105028,0446606812,6
105028,0451161351,7
105028,0451170385,8
105028,0451172817,7
105028,0451176464,7
105028,0451180232,8
105028,0451186362,8
105028,059035342X,8
105028,0671004107,9
105054,0345391055,8
105054,0439064864,10
105054,0440206154,7
105054,0440226430,8
105054,0446532231,8
105054,0451167317,7
105054,0451180232,7
105054,0590353403,10
105054,0812548051,10
105139,0060977493,5
105213,8873122933,5
105374,0060938455,9
105374,0446532231,10
105374,0553296981,10
105374,0671003755,6
105424,0099410184,7
105475,0684833395,10
105476,0618002227,9
105476,8408039369,8
105476,8445071416,8
105476,8445071777,9
105476,846630679X,7
105517,0060958022,6
105517,0140039589,8
105517,0316284955,7
105517,0316666343,9
105517,0345361792,10
105517,0345391055,8
105517,0345391802,6
105517,0385484518,10
105517,0439139600,6
105517,043935806X,4
105517,0440214041,5
105517,0451161351,7
105517,0451167317,5
105517,0451170385,6
105517,0553572997,4
105517,0553573136,8
105517,0671727796,9
105517,0679723161,9
105627,0330332775,9
105627,0380813815,9
105627,0449212602,7
105627,0553213695,9
105627,1853260002,10
105627,2070360024,9
106179,8472236552,7
106179,8495618605,9
106208,0060977493,8
106208,0380018179,10
106208,0446605239,10
106208,0446606812,10
106208,0679781587,10
106473,0552124753,5
106683,0141007338,8
106839,8472230082,8
106954,2253152846,8
107044,0349101779,9
107044,0552131059,6
107044,0552131067,8
107416,0345351525,6
107416,0385507593,7
107447,185326086X,10
107510,0140131558,6
107533,0140067779,9
107594,0679735771,8
107594,0684874350,9
107645,8472236552,9
108551,2070360024,8
108687,8495501198,9
108760,0440226104,9
108820,0060987561,8
109040,2253005274,5
109040,2841160297,7
109156,8423309835,10
109235,0971880107,7
109366,0552143774,7
109403,031205436X,6
109403,0771060548,10
109410,0446532231,8
109477,0441569595,8
109591,0971880107,7
109639,0061092177,10
109741,0140620109,9
109741,0140620222,10
109741,0140620427,9
109741,0140620753,8
110029,0060938455,9
110029,0345337662,5
110029,0380814021,8
110029,1400031354,10
110029,1573229725,10
110110,0440180295,9
110143,3492045170,5
111433,0971880107,6
111495,1853260002,10
111495,1853260282,10
111772,0099866005,8
111873,0749395990,8
111941,0330375253,8
111954,0671003755,5
112148,0261102214,9
112148,0812548051,9
112227,1875989218,5
112512,0062502182,10
112512,0316769487,9
112512,0380804557,10
112541,0140293248,7
112541,0441003257,6
113030,0140042598,9
113030,031205436X,10
113030,0316666343,10
113030,0316769487,9
113030,034536676X,10
113045,0385484518,10
113106,0385504209,8
113106,0671027360,9
113203,0441569595,5
113266,0441172717,9
113266,0811214982,7
113628,0552996009,8
113643,3596259924,9
113643,3746614007,10
113817,0385504209,7
113972,067697175X,10
114217,0440211727,5
114217,044022165X,5
114217,0747551006,8
114217,0804106304,8
114217,080410753X,9
114217,0804114986,7
114446,0060938455,8
114446,0061092177,8
114446,0316666343,9
114446,043935806X,10
114446,0440206154,9
114446,0552124753,7
114446,0552131059,8
114446,0552131067,9
114446,0552134643,9
114446,0552137030,9
114446,0552142379,7
114446,055214598X,6
114446,0552146153,7
114446,0552998486,7
114446,0590660543,10
114446,0749396067,10
114446,0749397543,7
114520,0749397543,9
114538,0316096199,7
114650,0749309423,9
114860,2253006629,9
114873,0099771519,9
114983,0971880107,2
115410,0316666343,7
115410,3423204206,9
115488,0060929871,5
115488,0316666343,8
115779,0552131059,10
116005,0345348036,10
116005,0385335881,10
116005,0441172717,9
116005,0552124753,9
116005,067697175X,10
116005,0679751521,5
116005,067976402X,7
116367,0345353145,9
116599,0140620427,8
117112,1573229326,8
117115,0060915544,9
117115,0441003257,9
117384,0140440046,5
117384,0385484518,5
117384,0440226430,9
117683,0575400951,8
117683,0749313528,7
118010,8423309835,8
118135,0452282152,6
118135,0811214982,8
118275,0099866005,8
118320,0451155750,7
118320,0451167317,8
118320,0451172817,8
118320,067088300X,7
118320,0671021001,9
118434,0099771519,9
118434,0450411435,6
118434,0749395990,8
118434,1573226521,7
118458,0140046569,7
118623,2070414574,7
118779,8420634093,6
118919,0349101779,7
119066,0312305060,10
119066,0684874350,5
119455,0099387913,7
119518,0440212561,10
119725,002542730X,6
119725,0060392452,8
119725,0061092177,10
119725,0099279274,7
119725,0380789019,9
119725,0380789035,9
119725,0552124753,10
119725,0552128481,9
119725,0552131075,10
119725,0552134635,9
119725,0552134643,10
119725,0552140287,10
119725,0552140295,9
119725,0552142352,9
119725,0552142379,10
119725,0671742515,10
119979,8495501074,8
120610,0099279274,9
120610,0312195516,10
120610,0552137030,8
120610,0552996009,9
120610,0749397543,9
120610,1857231384,7
120677,0345391802,8
120892,059035342X,7
120892,3257229534,10
120892,3492045170,10
121070,0971880107,2
121435,0140430725,9
121606,0312195516,8
121606,0451163966,9
121606,0671003755,7
121606,1563890119,10
122037,2253149101,10
122440,0060392452,8
122440,0312195516,10
122440,0380718340,9
122440,044022165X,8
122440,0440234743,9
122440,044023722X,8
122440,0446532231,8
122440,0451167317,7
122440,0451169530,10
122440,0451170385,5
122468,0316776963,8
122966,0140620125,6
123143,0316769487,3
123143,0385504209,9
123143,0552137030,10
123220,0515093556,5
123220,0671021001,9
123625,0140124381,7
123625,0441003257,8
123625,0450411435,8
123653,0140293248,8
123822,0971880107,5
123884,8408039369,8
124079,0380018179,5
124079,0399501487,7
124079,0671021001,9
124079,0971880107,6
124089,0425152251,10
124348,0747551006,6
124348,2877302202,8
124536,2253063339,9
124536,2266023039,8
124617,2070414574,5
124617,2266023039,9
124688,0140039589,10
124688,0140124381,5
124688,0140621199,7
124688,0552525952,10
124688,1860492592,9
124717,043935806X,10
124776,3257228007,5
124776,3596150655,8
124888,0345370775,7
125053,0971880107,3
125283,3423204206,7
125303,0385486804,6
125303,044021145X,8
125303,059035342X,10
125474,3150000017,9
125889,0971880107,4
126033,3379015180,8
126145,0425152251,10
126167,0060392452,5
126531,0345417623,10
126546,0091867770,9
126546,0099387913,9
126556,0552124753,7
126629,0330375253,7
126747,3257200552,5
126747,3453007867,7
126747,3453146972,9
126756,3442541751,8
126948,0749309423,7
127250,0060392452,8
127884,014062063X,6
127983,3499232871,6
128096,0971880107,5
128624,3257229534,9
128631,8445071416,7
128669,0679751521,8
129255,8472230082,7
129255,8478884459,8
129255,8478884955,8
129332,0425154092,9
129393,0330332775,9
129393,0380807343,10
129393,0671880187,10
129393,0812548051,10
129393,1853260002,10
129489,0345387651,10
129655,0060934417,8
130543,0345384466,8
130543,0553573136,10
130543,0679735771,9
130543,1853260010,7
130705,0140298479,9
130705,0140430725,9
130705,0679751521,9
130705,0749397543,8
130882,0142001740,7
131181,0140018328,7
131200,1563890119,8
131363,0061092177,9
131363,0552134619,8
131363,0552134635,5
131363,0552134643,8
131363,1857989546,7
131476,0349111863,7
131476,0971880107,7
131686,0060928336,5
131686,0316284955,1
131686,0316666343,8
131686,067697175X,10
131686,1853260010,7
131686,1853260207,5
132500,3499232871,8
132562,3453007867,5
132633,0971880107,7
132905,8423309835,7
132930,0060915544,9
132930,0060959037,9
132930,0156027321,8
132930,0425152251,7
132930,0451169530,8
132930,0452282152,9
132930,0552143774,7
132954,0062502182,10
133088,8873122933,5
133096,0671004107,9
133163,0575400951,10
133348,3257228007,10
133416,0425154092,8
133416,0553578685,9
133416,0671011367,9
133486,8420634093,7
133645,0971880107,6
133689,0156027321,9
133689,0316601950,3
133689,0316666343,6
133689,0385335482,8
133689,0385484518,10
133689,0440212561,10
133689,0446605239,5
133689,0446608955,8
133689,0451169530,10
133689,0451172817,10
133689,0679746048,8
133689,0679781587,8
133733,0062502182,8
133771,0679781587,7
133909,8420634093,8
133920,3426029553,8
133980,0451186362,6
134434,0060929871,7
134434,0099771519,7
134434,0140042598,6
134434,0140154078,8
134434,0156027321,7
134434,0312924585,7
134434,034536676X,7
134434,0345387651,8
134434,0440213525,5
134434,044023722X,6
134434,0446532231,7
134434,0679723161,8
134434,0679735771,7
134434,0812550706,8
134434,2070360024,7
134434,8445071416,7
134434,846630679X,8
134434,8478884955,7
134434,8478886451,7
134434,8495501090,5
134501,3423204206,7
134516,0553280341,7
134556,0385504209,8
134556,0441172717,8
134556,8408039369,10
134556,8420483532,5
134556,8445071416,10
134556,8477204055,10
134556,8478884459,10
134556,8478884955,10
134556,8478886451,10
134663,0140620869,10
134705,0394281829,7
134705,059035342X,9
134837,0140278826,5
134837,0140434186,9
134837,0140620168,7
134837,0140622179,8
134837,0156528207,10
134837,0261102214,10
134837,0440206154,8
134837,044651652X,7
134837,0684872153,5
134837,080410753X,6
135243,0140039589,9
135301,0140067477,8
135458,0060934417,9
135458,0345337662,4
135458,0440212561,10
135458,0441569595,1
135458,0553573403,10
135458,0590353403,5
135458,0618002227,5
135656,2290319872,6
135673,0345313860,5
135673,0345337662,5
135673,0345351525,5
135673,0552124753,8
135673,0552128481,8
135673,0552131067,8
135673,0552131075,8
135673,0552134619,8
135673,0552134635,8
135673,0552134643,8
135673,0552134651,8
135673,0552137030,8
135673,0552140287,8
135673,0552140295,8
135673,0552142352,8
135673,0552142379,8
135673,0552145424,8
135673,0552146145,8
135673,0553250426,8
135673,0671742515,9
135673,0812550706,8
135673,1857989546,8
136112,0091867770,10
136500,0552999954,6
136682,0385722192,10
136905,8420725927,5
136905,8445071408,10
136905,8445071777,10
137323,1853260282,10
137437,0385335881,6
137437,0552525952,7
137710,0140620753,8
137742,0439064864,10
137742,0439136350,10
137742,043935806X,9
137742,0590353403,10
137803,0451526341,9
137864,0451169530,7
138124,0140430725,8
138124,0140620109,8
138132,1853260010,9
138546,0140124381,7
139331,0552999954,8
139480,2070360024,7
139636,0446606812,6
139657,0330262130,10
139711,1844262553,10
139796,0345391802,5
140184,0450411435,9
140227,0330491482,1
140437,0971880107,6
140758,0679723161,10
140758,0743222229,10
140842,2070408507,9
140842,340411566X,5
140873,3453071174,8
141016,0552131067,8
141016,0684872153,9
141109,0060928336,5
141109,0140620184,7
141109,0446670251,8
141269,0671003755,7
141377,0349111863,1
141601,202025462X,9
141601,2253150711,8
141601,2264002190,7
141601,2266104535,8
141601,2290308285,9
141601,2290311782,8
141683,0552140287,9
141683,0552142379,9
142300,0380977788,7
142300,0811214982,8
142649,0349101779,6
142649,2070362388,7
142823,0804106304,9
143132,0446670251,10
143495,0312291639,7
143559,0091867770,5
143792,0060928336,8
143792,0060938455,5
143792,0380813815,9
143792,0446670251,7
143792,0446672211,9
143806,0099771519,10
143908,0140298479,8
143909,0140622020,7
143909,0345348036,10
143909,0380977788,9
143909,0451176464,6
143909,0679735771,7
143909,0747551006,8
144120,0140067477,8
144124,0971880107,3
144229,0812548051,8
144449,0345369947,3
144585,8423310353,10
144692,0380718340,5
144950,0552134619,8
145145,0571081789,6
145644,0140018328,7
145644,0330332775,7
145644,1853260282,5
145699,0385504209,8
145748,0451160525,6
145898,1853261580,10
145916,0747532745,8
145916,0747538484,7
145916,0747546290,9
146517,0312195516,5
146517,0345370775,9
146517,0385504209,5
146649,8432206407,6
146649,8478884459,8
147162,000649840X,9
147649,0140046569,8
147649,0140295569,10
147649,2253057843,9
147649,2253150711,7
147649,2264027134,9
147956,0140620184,8
148051,0971880107,5
148123,031205436X,7
148123,0804106304,8
148133,0330262130,8
148142,0007110928,10
148142,0349111863,3
148154,0316666343,9
148220,0446608955,8
148314,0060930535,9
148314,0446608955,8
148314,0446672211,8
148314,0452282829,7
148314,0679746048,8
148989,3442413338,5
149348,0451172817,8
149348,1551925702,10
149455,8817106100,8
149893,0345369947,10
149893,044022165X,10
149908,000649840X,8
149908,0060938455,8
149908,0091867770,10
149908,0099747200,7
149908,0141007338,8
149908,0330262130,10
149908,0330267388,10
149908,0330367358,7
149908,0330375253,10
149908,0380813815,8
149908,0380977788,10
149908,0385507593,7
149908,0446673544,8
149908,0552137030,8
149908,0552999954,8
149908,0575400951,8
149908,0743222229,7
149908,0743418174,7
149908,0749313528,8
149908,0749396067,10
149908,1573229725,10
150049,1853260207,10
150237,3257228007,7
150247,0140620338,5
150297,0140293248,8
150464,0140620125,7
150482,0385486804,8
150547,0140620753,7
150547,0743222229,7
150567,0552999458,7
150704,0140293248,9
150704,0316666343,9
150704,0446605239,1
150762,0140430725,10
151420,8420616893,7
151420,8432206407,7
151420,8445071408,10
151420,8445071416,9
151420,8445071777,10
151420,8495618605,9
151764,846630679X,8
152003,0140620338,10
152023,3596150655,4
152330,044021145X,8
152357,0316769487,10
152428,0552146145,7
152475,0749397543,5
152499,3423202327,10
152524,067976402X,8
152579,0060955775,8
152579,0060987561,8
152579,0062502182,8
152579,0156027321,5
152579,0385484518,7
152579,0425152251,5
152579,0451191145,7
152579,0451524934,7
152579,0671003755,8
152726,0451526341,7
152808,0380813815,10
152946,002542730X,8
152946,0028604199,7
152946,0060934417,9
152946,0099747200,7
152946,0140298479,7
152946,0142001430,8
152946,0312195516,8
152946,0316666343,9
152946,0380814021,7
152946,0380977788,8
152946,0385722206,9
152946,0452280621,8
152946,0452282152,8
152946,0552131067,8
152946,0553213695,6
152946,080411109X,8
152946,0811214982,8
152946,1573229326,7
152946,9726106141,7
152946,9727722458,6
153003,0553573403,9
153079,0312291639,7
153079,0452282152,10
153091,0140131558,7
153091,0140154078,8
153103,0140620869,8
153147,2277241202,10
153211,0345353145,6
153211,0345370775,8
153211,0345391055,7
153211,0440226430,7
153211,0553573136,7
153211,0671004107,7
153211,0804106304,9
153552,8477204055,4
153570,0140620869,10
153570,0441569595,9
153621,0971880107,6
153621,9681501225,9
153818,039592720X,10
153869,3257229534,5
153869,340411566X,8
153869,3426029553,7
153892,0060392452,10
154014,0060392452,8
154256,0316666343,8
154346,0140042598,7
154362,0451176464,8
154954,0312305060,8
155154,0312291639,9
155317,0061092177,7
155317,0552998486,8
155343,0345378490,10
155343,0345397819,7
155343,0450411435,6
155343,0451161351,6
155680,0441172717,8
155680,0552131067,9
156380,2253140872,8
156432,0060938455,10
156534,0413537900,6
156534,0749397543,6
156534,185326086X,8
156972,2253005274,8
157082,2205054252,10
157082,2253006629,8
157082,2264027134,9
157082,2290308285,9
157214,0552999458,8
157514,0316601950,5
157607,0749305401,3
157787,0099410184,8
157787,0312278586,8
157832,8472230082,7
158049,8423310353,9
158226,0060929871,8
158226,0156012197,8
158226,0380718340,6
158226,0380789019,7
158226,0380789035,9
158226,0380977788,7
158226,0385504209,9
158226,0425152251,6
158226,0440180295,7
158226,0441003257,8
158226,0552128481,8
158226,0552131059,8
158226,0552131067,8
158226,0552131075,6
158226,0552134619,8
158226,0552134635,7
158226,0552134643,8
158226,0552134651,8
158226,0552140295,8
158226,0552142352,8
158226,055214598X,7
158226,0552146153,8
158226,0552147680,8
158226,0552148407,8
158226,0671027360,4
158226,1563890119,9
158226,1853261580,8
158226,1857989546,8
158226,2070408507,7
158380,0451169522,10
158998,2070414574,7
158998,2253057843,7
159116,9726106141,8
159123,0425154092,7
159394,2290311782,8
159488,0345313860,5
159568,8817106100,10
159569,8873122933,10
160168,0345351525,9
160342,8477204055,7
160509,0385504209,10
160509,0446310786,10
160509,0684874350,9
160548,0316666343,10
160548,080411109X,6
161041,0060929871,8
161041,0060977493,1
161041,0312305060,5
161041,0399501487,7
161041,0553213695,10
161041,0679723161,10
161041,2070360024,10
161441,0385507593,8
161476,0316769487,7
161476,0446601241,8
162068,0312305060,8
162137,0140039589,3
162137,1400034779,6
162205,0425152251,9
162308,1853260207,8
162380,0380018179,7
162380,0440226430,8
162519,0312291639,8
162528,0971880107,10
162886,0312278586,9
162886,0446673544,1
162968,0804106304,7
163020,8873122933,4
163288,3257229534,7
163302,0439139600,8
163358,0060955775,9
163358,0679746048,10
163363,2253137243,3
163382,0380789035,4
164009,0140620427,7
164024,0552999954,8
164096,000649840X,7
164096,002542730X,8
164096,0099747200,9
164096,0140046569,8
164096,0140434186,8
164096,0330332775,7
164096,0671027360,6
164096,185326086X,7
164307,345305136X,8
164307,3596150655,10
164536,0439064864,7
164536,0439139600,8
164870,0142001430,8
164884,0449212602,7
164944,2290045764,7
164944,2877302202,9
165015,067088300X,6
165139,014062032X,9
165507,3492045170,8
165512,0140298479,10
165512,0330332775,9
165512,0451169530,10
165512,0671742515,10
165512,0679735771,10
165549,3150000017,10
165637,0971880107,5
165875,0432534220,4
165964,880781210X,8
166399,0553375407,9
166545,0060392452,10
166855,2070362388,8
166904,0440180295,8
166922,0140278826,5
166922,0140620168,7
166922,0140620427,9
166922,0140621199,9
166922,0446532231,9
166925,0671011367,6
167144,0345339703,10
167243,0380977788,9
167243,0671880187,7
167305,1573229326,4
167327,0312278586,10
167327,0316666343,8
167471,0060976845,9
167471,0316666343,5
167471,0380813815,10
167471,0385486804,8
167471,0441569595,10
167471,0446532231,10
167471,0452282829,8
167471,0671021001,7
167471,067697175X,9
167471,0743225406,10
167471,0770422632,9
167471,080411109X,9
167478,0099771519,9
167507,0140124381,8
167507,0552525952,9
167507,0552998486,8
167507,0575400951,9
167507,1853260282,8
167517,0316096199,8
167517,0316666343,7
167517,1400034779,8
167521,0099771519,8
167521,0099866005,5
167521,0140620222,8
167521,0141007338,7
167521,0330332775,2
167521,0446532231,8
167521,0552525952,9
167521,0552996009,8
167521,0571081789,7
167521,0749313528,8
167521,0749396067,6
167587,0142000205,7
167587,0316096199,8
167587,0316666343,10
167736,0618002227,10
167750,0060929871,8
167750,0140295569,10
167750,0380977788,10
167925,0375707972,9
168000,0671727796,9
168129,2253063339,10
168129,2253137243,10
168129,2253140872,6
168129,2266023039,10
168148,0440226430,7
168790,11238356,6
168819,8878188824,10
169006,0451160525,8
169006,0451172817,7
169360,0452282152,9
169563,0971880107,4
169600,0060929871,7
169600,0439064864,9
169600,0439136350,10
169600,0439139600,9
169600,0590353403,9
169659,0440214041,10
169692,0552128481,6
169692,0552131067,8
169692,0552134651,7
169692,0552142352,8
169692,0552146145,5
169692,0552146153,7
169727,0156027321,6
169727,0385504209,9
169727,0786868716,8
169859,0552137030,10
171206,3596150655,8
171379,8472230082,6
171389,0552145424,6
171389,0679781587,10
171851,1860492592,8
171904,0451167317,10
171904,8420616893,9
171904,8478884955,10
171904,8478886451,10
171904,8495501198,8
171994,0394281829,10
172848,0553578685,7
172874,0140622020,10
173131,0451526341,7
173131,0553296981,7
173131,0553572997,2
173287,1860492592,8
173650,0552140287,6
173650,0671041789,7
173650,0786817070,7
173679,0060392452,8
173679,0060929871,9
173679,0060955775,9
173679,0060977493,8
173679,0140131558,10
173679,0316769487,9
173679,0380789035,9
173679,0380977788,8
173679,0451163966,9
173679,0451526341,9
173679,0553296981,9
173679,0553375407,8
173679,059035342X,8
173679,0679745203,7
173679,0684833395,8
173765,3499232871,7
174195,0440206154,8
174503,0316769487,8
174503,0446672211,7
174503,0770422632,9
174503,0770428827,10
174962,9727722458,5
175153,0007110928,8
175485,0747551006,9
175500,3596259924,8
175536,0385512104,8
175536,0553280341,7
175703,044021145X,3
175822,2253057843,6
175929,0345387651,8
176444,0671727796,7
176736,3379015180,10
176838,2253149101,10
176839,0552131067,6
177252,0446364193,5
177458,0345353145,7
177458,0345370775,8
177458,0446606812,5
177458,0451180232,7
177458,0552546933,8
177458,0553573403,8
177458,0679751521,7
177458,0875421180,8
177458,1551925702,8
177688,3426600218,8
177923,8478884459,8
178003,8477204055,8
178107,0141007338,10
178107,340411566X,5
178107,3442541751,8
178379,1844262553,9
178797,0330262130,8
178797,0330367358,7
178797,0380977788,9
178797,0452282829,6
178797,9726106141,9
178803,055214598X,6
179211,8472230082,6
179216,8432206407,9
179216,8495618605,9
179358,0345339703,9
179392,0349101779,10
179791,0060929871,9
179791,0345417623,10
179791,0451524934,10
179791,0552124753,10
179791,0552128481,10
179791,0552131067,10
179791,0552134619,10
179791,0552140295,10
179791,055214598X,10
179791,0552146153,10
179791,0552147680,10
179791,0552546933,10
179791,0552996009,8
179791,067976402X,9
179791,0971880107,2
179826,0062502182,9
179826,0156027321,5
179826,0312195516,8
179826,0312305060,10
179826,0316666343,6
179826,0349101779,9
179826,0552134619,8
179826,0552140295,8
179826,0552146153,9
179826,1573229725,8
179826,1853260134,7
179939,8420616893,9
179939,8432206407,7
179939,8445071408,9
179939,8445071416,10
179939,8445071777,9
179939,8472230082,8
179939,8478886451,10
179939,8495501090,9
180206,0330332775,9
180333,8423310353,5
180447,0971880107,3
180469,0451169522,6
180795,0971880107,3
180925,0316769487,6
180925,0330375253,8
180925,0394281829,5
180925,0446532231,8
181608,0375707972,7
181713,0060930535,8
181833,0440214041,2
181884,3453007867,5
181995,0441003257,10
181995,0786817070,7
182034,0679781587,6
182048,3442541751,5
182079,0099245027,7
182211,0552998486,5
182275,0451160525,9
182345,0140620222,9
182345,0140620427,9
182345,3548359698,10
182409,2070362388,7
182429,8477204055,6
182520,0575400951,8
182577,2290045764,9
182615,0552999954,8
182720,0552998486,9
182881,0140620184,9
183017,0552128481,6
183126,0156027321,7
183287,0811824829,10
183287,2070408507,10
183287,2205054252,9
183287,2264002190,8
183287,2264027134,9
183287,2290308285,9
183753,0312278586,8
183753,0385335482,6
183753,0385504209,9
183753,0446532231,8
183963,0446605239,10
183963,0971880107,1
184386,8495618605,9
184845,0380789019,7
184871,0671727796,8
184871,3257227809,8
184924,0971880107,2
184990,0140295569,8
184990,0330262130,9
184990,0330267388,9
184990,0552124753,7
184990,0552128481,8
185056,0385720106,5
185111,0316769487,8
185140,0316769487,10
185140,0380789019,8
185140,0440206154,9
185538,0349101779,10
185538,0441569595,9
185538,0575400951,7
185731,0552134619,8
185731,0786817070,8
186039,0140620427,8
186623,0140620338,7
186623,0140620427,10
186623,0330491482,3
186656,8817106100,8
186657,0099747200,8
187462,0140620125,8
187462,0552998486,9
187520,0099771519,10
187520,0552124753,7
187520,0743418174,9
187981,0380814021,8
187981,0385335482,8
187981,0440220602,8
188210,0552137030,8
188369,0749396067,10
188412,038549081X,8
188478,11238356,2
188478,8472236552,10
188484,0349101779,6
188484,0552996181,7
188583,0380789019,9
188583,0380789035,8
188583,0812550706,8
188589,0804106304,9
188589,080411109X,8
188658,2266104535,10
188658,2290319872,8
189047,8817131628,8
189120,3257227809,5
189239,0749309423,6
189536,002542730X,9
189536,0451524934,10
189557,0439064864,10
189557,0439136350,10
189557,0439139597,10
189557,0590353403,10
189798,0770428827,10
189927,0140046569,9
190292,0007110928,10
190292,0099771519,10
190462,2253140872,10
190753,8423310353,9
190890,202025462X,6
191128,0413537900,8
191143,8472236552,8
191176,0140067779,5
191707,0261102214,10
191707,3423202327,8
191756,3442541751,9
191766,0060392452,9
192254,0330375253,9
192350,0345387651,8
192350,0440214041,9
192374,2253152846,9
192494,8445071408,10
192895,8445071408,8
193131,0061092177,8
193131,0413537900,10
193131,0749309423,10
193132,0552999954,8
193873,0971880107,6
194128,3596150655,6
194358,325722575X,8
194358,3257227809,10
194403,8873122933,1
194519,0345342968,10
194519,2070408507,10
194519,2264027134,9
194519,2290308285,8
194864,8445071408,8
194864,8445071777,8
194964,0007110928,10
195008,044023722X,8
195008,0553578685,8
195085,0394281829,7
195102,2290308285,9
195116,0140621199,7
195116,0875421180,8
195477,0432534220,8
195723,0345337662,9
195803,0140293248,4
196148,2253063339,10
196149,0099771519,8
196149,0140620184,7
196149,0140620222,8
196149,0140621199,7
196149,0312924585,9
196149,044651652X,7
196254,0552134651,7
196261,034536676X,8
196261,2253150711,8
196261,2253152846,9
196319,0552147680,10
196493,0451172817,7
196493,3596150655,7
196656,0385722192,9
196656,0679781587,6
196656,2070360024,9
196656,9727722458,7
197159,0380807343,7
197293,0060915544,9
197293,0804106304,9
197728,0684872153,9
197740,0330367358,8
197750,0140276904,5
197775,0140298479,9
197775,0330332775,9
197775,0440220602,9
197775,0446670251,9
197775,0515093556,10
197775,0553573136,8
197775,0571081789,9
197775,0679746048,9
198185,0749319305,7
198295,0316666343,9
198389,0142000205,4
198389,0345348036,8
198442,2253152846,8
198544,0349101779,7
198880,0091867770,10
198969,0140434186,8
199180,0330375253,7
199180,2070360024,7
199898,0140295569,10
200408,2266104535,5
200557,044021145X,9
200557,0452282152,9
200557,1400034779,10
200772,0679745203,10
200993,0552145424,9
201137,0971880107,5
201141,0385722206,9
201141,0451191145,3
201141,0771060548,5
201141,0786868716,9
201526,0316769487,8
201526,0345339681,9
201526,0345342968,9
201526,0399501487,8
201526,0441569595,8
201526,0446310786,9
201526,0553296981,7
201526,0770422632,9
201548,0684872153,10
201548,3442413338,9
201548,345305136X,8
201664,002542730X,9
201697,0140298479,8
201697,0446310786,10
201697,0446673544,10
201697,0515093556,6
201697,0571081789,8
201697,0679751521,8
201725,0156027321,8
201725,0312195516,10
201725,0385504209,10
201725,0452282152,9
201776,0312924585,10
201776,0345353145,10
201776,0345378490,10
201776,0345391055,8
201776,044021145X,10
201776,0440211727,10
201776,0440214041,10
201776,044022165X,8
201776,0451167716,10
202173,0385504209,10
202173,3548359698,7
202485,031205436X,9
202764,0552999954,7
202764,8420634093,5
202859,2253137243,7
202947,3746614007,9
203031,8804486511,7
203280,0156027321,9
203452,0552999954,9
203465,080411109X,8
203825,3150000017,8
203825,340411566X,8
204860,8817106100,8
204900,1875989218,8
204931,2070375161,6
205019,0971880107,6
205291,0671003755,6
205448,1853260010,8
205856,0446605239,10
205977,0446605239,7
205977,059035342X,10
205977,0743222229,9
205977,0747538484,7
205977,8878188824,8
205979,0590112899,8
205979,0590660543,8
205979,0749305401,6
206013,031205436X,5
206013,0385730586,7
206016,034536676X,8
206016,0552128481,8
206016,0552131075,7
206016,0552137030,10
206016,0552145424,7
206016,0552525952,9
206835,3442541751,6
206852,3453061187,7
206865,0140620338,7
206865,2253057843,10
206865,2253063339,10
206865,2841160297,10
206932,8432206407,7
206932,8478884459,10
206979,0142001430,9
206979,0156027321,10
207084,2070388905,8
207221,8495501074,9
207275,0060958022,7
207275,0156027321,8
207275,0380977788,6
207275,0571081789,6
207275,0679746048,7
207275,0786817070,7
207275,1857231384,9
207417,0679735771,9
208258,1844262553,10
208367,0060959037,7
208367,034536676X,8
208367,080411109X,8
208410,0330332775,10
208410,0330367358,10
208410,0552131059,9
208410,0552146153,8
208410,1853260002,9
208880,0552124753,6
208880,0552128481,5
208969,0140293248,8
208969,0345384466,8
208969,0345397819,6
209120,0812548051,10
209631,0380789035,8
209631,0385730586,7
209631,0446670251,8
209631,0743225406,7
209655,0553375407,10
210043,3499232871,3
210131,0971880107,5
210141,0140042598,10
210311,0140620338,7
210311,0553573403,9
210372,11238356,8
210695,0671027360,4
210695,0971880107,3
210861,0679781587,10
210874,0060928336,9
210874,0142001740,10
210874,0156027321,2
210874,0385335482,10
210874,0385335881,10
210874,0553213695,3
210874,0679746048,6
210874,0743418174,9
211231,0345353145,9
211231,0345391802,10
211231,0385504209,10
211430,0060934417,9
211430,0142000205,8
211430,0312195516,9
211430,0679781587,8
211688,1857231384,7
211692,0140067779,10
213119,0316776963,7
213119,0345342968,8
213119,0446532231,8
213657,1857231384,5
213915,0413537900,10
214244,0385512104,10
214244,0749313528,10
214244,3150000017,7
214244,8472236552,7
214839,0552999458,8
214879,0099410184,6
214879,0140622179,8
214879,0316601950,9
214879,0316666343,8
214879,0345370775,8
214879,0440211727,10
214879,0446670251,8
214879,0671003755,8
214947,1853260010,7
215143,0140620109,10
215143,0140620753,9
215143,2070414574,10
215498,0060955775,9
215498,0062502182,9
215498,0140622020,6
215498,0553375407,7
215543,3404148665,8
215543,3453007867,10
215622,2290308285,10
215745,3442413338,8
215787,0747551006,7
215942,0380789035,6
215942,0552143774,8
215942,2253005274,7
216640,0451191145,8
217468,0099771519,8
217468,0316096199,8
217468,0316666343,10
217468,0345378490,6
217468,044021145X,7
217468,0440213525,6
217468,0440214041,7
217468,044023722X,6
217468,0446608955,7
217468,0451526341,7
217468,0684872153,9
217524,3442541751,6
217621,0571081789,8
218051,0099279274,9
218051,0330375253,6
218344,044021145X,7
218479,0330262130,9
218515,9681501225,8
218633,1853260010,6
218714,034536676X,7
218811,0140620184,8
218831,3442541751,7
218930,0099747200,10
218970,0440226430,9
219208,0552134651,9
219208,0552140295,6
219208,0552145424,8
219208,0812550706,10
219420,0091867770,7
219420,0316096199,10
219420,0684872153,7
219420,3257228007,1
219420,3746614007,9
219813,0971880107,1
219813,1853260134,7
219813,3150000017,10
219837,325722575X,8
220172,8878188824,7
220188,8445071408,9
220316,0446364193,7
220390,0060502258,9
220597,0060915544,8
220597,0345361792,5
220597,0553572997,9
220648,0385507593,6
220683,0140430725,9
220683,0446605239,3
220867,0451160525,7
221064,2277241202,9
221273,0552999458,7
221307,3257229534,8
221416,0439139597,6
221538,0345351525,7
221553,0971880107,10
221672,000649840X,8
221672,067697175X,8
221672,0684833395,10
221903,0156027321,8
221903,0316666343,10
221903,0971880107,2
222207,0060934417,8
222207,0452280621,5
222217,0440234743,4
222391,0552546933,10
222391,3423202327,8
222404,3442541751,6
222488,0345339703,10
222488,0446670251,10
222488,0747532745,10
222488,0747538484,10
222488,0747546290,10
222488,325722575X,9
222488,340411566X,8
222488,3426029553,10
222488,3596150655,9
222488,3596259924,9
222622,0971880107,2
223238,0060930535,4
223386,0747532745,8
223386,0747538484,9
223386,2253149101,10
223386,2264002190,8
223386,2266104535,6
223386,2290308285,9
223386,2290319872,7
223612,2253006629,7
224360,2253044903,8
224635,8477204055,7
224635,8478884955,7
224657,0345337662,8
224657,0385504209,6
224657,0679781587,9
224985,0060977493,8
225022,11238356,7
225379,0312924585,8
225379,0316666343,2
225379,0345313860,10
225379,0345339681,10
225379,0380789035,8
225379,0380804557,8
225379,0440206154,7
225379,0441003257,10
225379,0451167716,7
225379,0618002227,10
225404,0679735771,10
225414,2253150711,7
225817,0385335482,8
226184,2253044903,8
226482,0140276904,9
226482,0156528207,8
226482,0440220602,6
226482,044651652X,7
226482,0552998486,9
226482,0749397543,9
226568,3257228007,9
226568,3492045170,8
226633,8420616893,8
226633,8423310353,9
227176,0413537900,10
227176,3257227809,5
227382,3499232871,8
227675,0007110928,6
227681,0060976845,6
227681,0316666343,7
227681,0345339681,10
227681,080410753X,9
227795,1573229326,7
228638,1857231384,9
228790,0971880107,5
229206,8804486511,8
229310,0552137030,8
229319,0552148407,9
229501,8445071416,8
229501,846630679X,8
229501,8477204055,8
229551,0060987561,10
229551,0140067779,10
229551,0316284955,10
229551,0316666343,8
229551,0385504209,10
229551,0385507593,8
229551,0743222229,10
229551,0770422632,9
229763,0099414821,8
229768,0439064864,10
229768,0439136350,10
229768,0439139597,10
229768,043935806X,10
229768,0440212561,10
229768,059035342X,10
229816,0743222229,8
229816,8878188824,8
229876,2253150711,8
229899,0140042598,10
229899,0553375407,10
229899,8817131628,10
230427,3404148665,10
230427,3596259924,10
230429,3453071174,8
231001,0345417623,9
231127,3257200552,7
231190,0971880107,5
231263,0060502258,7
231263,0156528207,8
231263,0316769487,6
231263,0345348036,10
231263,0413537900,5
231374,0140067477,9
231374,0345342968,8
231374,0441172717,10
231374,0553375407,10
231393,0140067477,9
231393,0330267388,9
231393,0380789019,9
231393,0380804557,7
231507,055214598X,9
231507,0552146145,9
231613,000649840X,8
231613,0099771519,6
231819,0553573136,10
231871,1857231384,7
231875,0345361792,9
232544,0552999954,4
232670,0330332775,7
232670,1853261580,9
232688,0552996181,5
232801,0451167317,7
232801,0452280621,2
233236,3442413338,7
233236,3453007867,5
233724,0140278826,6
233747,0142001430,9
233747,0684872153,6
233769,044651652X,9
233868,0316769487,10
233901,0399501487,7
234328,0330262130,10
234328,0330267388,10
234657,0875421180,9
234765,0140276904,5
234765,0380789019,10
234765,0380789035,8
234765,0380804557,10
234765,0399501487,10
234765,0671004107,6
234765,067976402X,9
234954,0156528207,9
234954,0385504209,9
235303,2070408507,10
235394,0441172717,9
235394,8432206407,8
235394,8477204055,7
235442,0099410184,6
235442,0743418174,7
235442,8495501198,8
235506,0060502258,8
235506,0140042598,10
235506,0971880107,4
235677,0345337662,8
235677,0671011367,7
235805,0140298479,6
235925,0060977493,9
235925,8804486511,8
235986,067697175X,10
236049,0590660543,10
236113,080410753X,7
236150,0440226430,10
236213,0385486804,8
236340,0060929871,8
236340,0099245027,5
236340,0312924585,8
236340,0380718340,9
236340,0440211727,10
236340,0440213525,8
236340,0440220602,8
236340,044022165X,9
236340,0446310786,9
236340,0446364193,8
236340,0446601241,9
236340,0446604801,7
236340,0451167317,9
236340,0553280341,5
236340,0671011367,8
236432,0345387651,10
236696,0062502182,8
236774,0671880187,8
237070,3257200552,10
237070,345305136X,8
237070,3746614007,8
237474,0140293248,7
237474,0316666343,8
237474,0375707972,9
237474,0804106304,10
237926,185326086X,7
238189,0349111863,6
238292,0345337662,9
238292,0671021001,3
238489,0099245027,7
238538,0140620125,10
238557,0099747200,8
238557,0140620338,9
238557,0446601241,8
238557,0449212602,8
238733,0316666343,9
238735,0140042598,8
238739,0345370775,8
238823,0380977788,10
238823,325722575X,6
239000,0441569595,10
239437,0330375253,10
239467,3426600218,7
239467,3453061187,8
239468,0099414821,6
239468,0140620338,6
239468,0552124753,6
239468,0749319305,6
239468,1551925702,6
239594,0060930535,8
239594,0060955775,4
239594,0060977493,8
239594,0099747200,9
239594,0140434186,6
239594,0140620869,9
239594,0345361792,8
239594,034536676X,8
239594,0345387651,7
239594,038549081X,9
239594,0440180295,9
239594,0446310786,8
239594,0449212602,9
239594,0452280621,10
239594,0671727796,9
239594,0749313528,7
239594,0804106304,7
239594,1573229725,9
239594,2253150711,8
239594,2253152846,9
239630,2070375161,8
239630,2205054252,9
239630,2253063339,8
239630,2266104535,8
239661,0971880107,2
239664,0349111863,5
239736,0441569595,5
239736,0446670251,6
239736,0552137030,10
240049,0385722206,7
240098,044023722X,7
240131,0316096199,8
240131,0446672211,9
240131,0679781587,8
240213,0440214041,7
240663,0330375253,8
240737,8817131628,8
240983,3453146972,6
241086,0385722192,9
241096,014062032X,8
241204,0060958022,9
241204,0312291639,5
241204,0385722192,9
241204,0425152251,9
241204,0446532231,8
241204,0451163966,8
241204,0552998486,8
241305,0553296981,9
241418,2070408507,10
241432,0385504209,9
241432,0552146145,8
241432,0971880107,6
241752,0140293248,9
242029,3453146972,10
242073,044651652X,10
242073,0452280621,9
242073,067697175X,9
242098,0060930535,7
242098,0684874350,10
242178,0385720106,4
242195,0552142352,9
242349,0971880107,1
242397,0345337662,9
242409,0099747200,10
242409,0140434186,5
242409,0140620125,2
242409,0140620168,7
242409,014062063X,6
242409,0140620753,3
242409,0140620869,10
242409,0140622020,7
242409,0140622179,5
242409,043935806X,10
242409,0571081789,10
242409,0671727796,10
242409,1573229725,10
242409,1853260002,4
242409,2070360024,10
242409,2266023039,5
242414,3426029553,10
242414,345305136X,8
242493,1573229326,7
243338,8445071408,8
243805,8817106100,10
243948,0552124753,9
244007,0330332775,10
244545,0140620664,7
244545,1853260282,7
244580,0312291639,8
244662,0142001740,10
244662,0345351525,9
244867,0749309423,10
244993,0140278826,5
245001,2070375161,9
245007,0385722192,8
245128,0441003257,7
245128,0747546290,10
245161,0385512104,7
245161,0446532231,8
245179,0312305060,8
245253,0140046569,8
245276,8472230082,7
245295,0060929871,7
245295,0062502182,9
245295,0140620869,10
245295,0141007338,7
245295,0156012197,10
245295,0312924585,10
245295,0316769487,10
245295,0345313860,10
245295,0345351525,10
245295,0345361792,5
245295,0349101779,10
245295,0380789019,10
245295,0425152251,6
245295,0451524934,10
245295,0451526341,10
245295,0552137030,10
245295,0553296981,10
245295,0571081789,8
245295,0671021001,9
245295,0679735771,6
245295,0684833395,10
245371,0060915544,9
245371,0312924585,8
245371,0385722206,9
245371,039592720X,10
245371,044021145X,8
245371,0440211727,8
245371,0446310786,10
245371,0451169522,8
245371,0451170385,8
245371,0553250426,6
245371,067697175X,9
245371,0804106304,9
245371,1853260134,7
245380,0552996009,8
245572,059035342X,7
245703,0330375253,9
245703,0552999458,8
245703,0575400951,8
245877,2253150711,8
246121,3257228007,6
246617,0099747200,8
246617,0140018328,7
246617,0345342968,7
246617,0451163966,8
246617,0679781587,7
246759,0060929871,6
246759,0099387913,8
246759,0312195516,5
246759,0345342968,5
246759,0446310786,8
246759,0446608955,4
246759,0446670251,5
246759,0451526341,7
246759,0671727796,5
246759,0679723161,8
246759,0679745203,6
246759,0684833395,4
246759,0684874350,8
246776,0099771519,9
246776,0099866005,10
246776,0142001430,9
246776,0156012197,10
246776,0316601950,9
246776,0743418174,8
246863,1853260010,9
246863,1853260207,9
247082,3453061187,5
247129,0312924585,7
247129,0345361792,8
247129,0345369947,7
247129,0345370775,7
247129,0380804557,10
247129,0440206154,7
247129,0446601241,8
247129,0446604801,7
247129,0553250426,7
247129,0679781587,9
247129,0747532745,8
247129,0747546290,8
247583,0140622020,3
247583,0971880107,1
247869,0552996009,7
247887,031205436X,5
247887,9726106141,6
248289,0875421180,5
248479,0385335482,8
248479,0385335881,8
248479,0440180295,7
248509,2266104535,8
248572,3548359698,8
248787,0349111863,8
249161,0771060548,9
249163,0440220602,6
249384,0380018179,7
249405,059035342X,6
249504,0345369947,5
249626,000649840X,8
249825,0552998486,8
250078,0345370775,8
250219,0140039589,9
250219,0140430725,7
250219,0345348036,10
250359,0743418174,5
250478,0060938455,7
250539,0451155750,7
250585,0425152251,6
250645,0440212561,8
250645,0440220602,8
250940,0380789035,8
250962,0312924585,8
250962,0345313860,9
250962,0345351525,10
250962,0345361792,6
250962,0345384466,9
250962,0345397819,9
250962,0345404319,9
250962,038549081X,9
250962,0385504209,7
250962,0441172717,10
250962,0441569595,10
250962,0515093556,10
251224,0140620222,10
251242,0345342968,8
251242,0345353145,9
251242,0425154092,8
251242,0451155750,8
251242,0451161351,5
251286,0590660543,10
251342,8804486511,8
251342,880781210X,8
251342,8817106100,7
251398,0743225406,8
251575,0385335482,7
251584,0099747200,8
251750,0679781587,8
251793,0060929871,8
252066,0380789019,8
252066,0812550706,8
252222,0440180295,10
252222,0440211727,9
252222,0446310786,7
252222,0451163966,10
252278,3492045170,8
252405,2290311782,8
252405,2290319872,7
252419,1573226521,7
252642,0060959037,9
252642,0060987103,8
252775,0140131558,10
252825,0552999458,7
252874,0671003755,9
252901,0671004107,9
252903,0140278826,7
252903,0140622179,5
252903,0749396067,5
252961,3404148665,7
253403,0552140295,7
253602,0140293248,4
253602,0451172817,7
253602,0552148407,7
253668,0451191145,8
253780,0553573136,10
253852,2205054252,10
253852,2253005274,7
253852,2264027134,9
253852,2290319872,7
253852,2841160297,8
253855,0385504209,10
253855,0671027360,5
254366,0446608955,9
254783,0425152251,8
254915,0552999458,7
255099,1573226521,10
255099,3257229534,9
255161,0552128481,8
255341,2070388905,8
255493,0552142379,9
255679,1853260282,6
255717,880781210X,10
255814,0425154092,9
255814,0552999954,7
255846,0156027321,7
255972,0671742515,8
256507,0385335482,6
256507,0552996181,7
256507,1400031354,7
256575,0345348036,9
256575,067697175X,4
256603,0060959037,5
256603,0316776963,9
256603,059035342X,10
256603,1400031354,9
256825,0552134619,8
256919,0552134651,7
257012,1853260002,8
257211,0330262130,10
257488,0140018328,8
257495,0451191145,9
257804,0060502258,8
257804,0060976845,7
257804,0380814021,10
257810,3548359698,5
258152,0060938455,8
258152,0261102214,9
258152,0345339681,9
258152,0349101779,7
258152,0380789035,6
258152,0441172717,10
258152,0451191145,7
258152,0552128481,8
258152,0552131059,9
258152,0552131067,8
258152,0552131075,7
258152,0552137030,9
258152,0553573403,7
258152,1857231384,6
258152,1857989546,5
258277,044651652X,10
258282,8495618605,10
258609,2253044903,8
258795,0743225406,8
258913,3453071174,8
259004,0749395990,8
259155,2253005274,8
259155,2253044903,10
259155,2266023039,7
259155,2290311782,8
259155,2841160297,8
259155,2877302202,8
259205,3453061187,7
259205,3453071174,9
259660,0439064864,7
259660,0451169522,7
259660,8420634093,6
259660,8423310353,7
259986,0446672211,7
260183,0312278586,8
260183,0316096199,9
260183,0330267388,10
260183,0345313860,6
260183,0451163966,10
260183,0552546933,8
260183,0679735771,9
260183,1563890119,9
260392,0316601950,9
260464,8420634093,5
260473,0679723161,5
260655,0140067779,8
261052,8445071416,10
261567,0099279274,9
261567,0099414821,8
261567,0446310786,9
261567,8495501090,9
261567,8495501198,9
262168,0316666343,8
262186,0060929871,8
262186,0345337662,8
262187,8445071408,9
262197,1573226521,8
262344,0140622179,8
262521,0786868716,8
262974,0330267388,9
262974,0749319305,6
263107,0140620222,9
263107,3596259924,9
263325,0142001740,9
263325,0385335482,7
263325,0385504209,8
263325,0385720106,7
263325,0385722206,8
263325,0394281829,10
263325,0440206154,8
263325,0446310786,10
263325,0671003755,8
263325,067976402X,8
263325,0684874350,10
263325,0743225406,9
263325,0749397543,9
263325,0770428827,9
263325,0771060548,9
263325,0786868716,8
263331,0971880107,4
263392,8478886451,7
263534,2070360024,8
263645,0316666343,8
263645,0553573136,7
263948,3499232871,7
263959,2266023039,7
264085,0316666343,9
264085,0679745203,10
264085,0679781587,10
264091,2253140872,8
264149,8432206407,8
264317,0142000205,3
264317,0156012197,10
264317,0380977788,9
264317,0385722192,6
264317,0440226104,8
264317,0552137030,9
264317,0552998486,9
264317,0679723161,7
264415,0971880107,3
264463,0553213695,8
264555,0679745203,9
264828,2253063339,7
264828,2264027134,7
265680,1844262553,5
265904,0451169522,8
265904,0971880107,4
265932,0156027321,10
265932,0345361792,9
266084,1844262553,8
266228,0552134643,9
266366,2070414574,7
266566,0452282829,10
266757,0345370775,8
266775,0451526341,10
266775,8423309835,10
266775,846630679X,8
266914,0345339703,10
267123,0451186362,5
267164,0440211727,7
267442,0385722192,9
267510,0062502182,7
267510,0140440046,7
267510,0316666343,9
267510,0385504209,9
267510,0440213525,8
267510,0671021001,9
267510,0786817070,4
267929,0440212561,4
268262,0060977493,10
268262,059035342X,10
268292,0380018179,7
268300,0312924585,10
268300,0316666343,10
268300,0316769487,9
268300,0345313860,10
268300,0345339681,8
268300,0345351525,9
268300,0345369947,8
268300,0345384466,8
268300,0380804557,10
268300,0440206154,10
268300,0440211727,9
268300,0441003257,10
268300,0451160525,10
268300,0451161351,6
268300,0451180232,7
268657,0060928336,6
268657,0140298479,9
268657,0316769487,6
268657,0385504209,9
268657,0385512104,8
268657,0425152251,6
268657,0439064864,6
268657,0439136350,6
268657,0439139597,8
268657,0446670251,9
268657,0553296981,7
268657,0590353403,7
268657,0786817070,4
268957,0330375253,6
269011,034536676X,7
269759,0060928336,7
269916,0330332775,9
269916,0330367358,9
269916,0552124753,7
269973,3453061187,7
270195,0553573403,10
270713,0099747200,5
270713,0312195516,10
270713,0316776963,7
270713,0345337662,6
270713,034536676X,10
270713,0345384466,7
270713,0345387651,9
270713,0375707972,6
270713,0380718340,7
270713,039592720X,9
270713,0440226104,7
270713,0446672211,5
270713,0451191145,9
270713,0452282152,8
270713,0553250426,8
270713,0553296981,10
270713,0679781587,10
270713,0771060548,10
270713,0786868716,10
270713,0804106304,8
270713,0812550706,10
270897,0140042598,10
270897,0345313860,10
270897,0345391802,10
270897,0440180295,8
270897,0440206154,4
271382,3453146972,7
271488,3492045170,7
271625,0385720106,7
271659,0345384466,9
271659,0345397819,9
271659,0345404319,9
271711,038549081X,10
271711,1573229326,9
271746,0316666343,8
271746,0380789019,7
271894,0971880107,2
272098,0451155750,5
272700,0671880187,5
273465,0099866005,8
273465,0380813815,8
273465,0749395990,8
274107,8420634093,5
274199,0099410184,7
274199,0425152251,10
274199,0875421180,7
274220,3150000017,9
274220,3453071174,8
274701,0060930535,2
274701,0679745203,5
274812,3442541751,7
274849,8472236552,9
274856,0552131075,7
275210,1400034779,8
275349,3404148665,4
275573,3257228007,7
275573,3379015180,10
275677,0060987103,9
275809,0446672211,9
275977,0679781587,10
276077,0141007338,8
276077,043935806X,10
276077,8420634093,10
276077,8478886451,10
276113,0971880107,7
276147,0060977493,9
276147,880781210X,7
276240,0385504209,10
276247,0440211727,10
276487,8420725927,6
276641,0385722206,7
276641,0440234743,6
